{
	"song": {
		"player1": "norman",
		"events": [],
		"gfVersion": "gf-pixel",
		"notes": [
			{
				"sectionNotes": [
					[
						0,
						0,
						166.666666666667
					],
					[
						333.333333333333,
						1,
						0
					],
					[
						525,
						2,
						0
					],
					[
						718.75,
						1,
						0
					],
					[
						1000,
						2,
						0
					],
					[
						1222.91666666667,
						2,
						0
					],
					[
						1283.33333333333,
						0,
						0
					],
					[
						0,
						4,
						250
					],
					[
						0,
						5,
						250
					],
					[
						333.333333333333,
						6,
						250
					],
					[
						333.333333333333,
						7,
						250
					],
					[
						666.666666666667,
						5,
						250
					],
					[
						666.666666666667,
						6,
						250
					],
					[
						1000,
						4,
						250
					],
					[
						1000,
						7,
						250
					]
				],
				"lengthInSteps": 16,
				"mustHitSection": true
			},
			{
				"sectionNotes": [
					[
						1333.33333333333,
						5,
						0
					],
					[
						1500,
						6,
						0
					],
					[
						1645.83333333333,
						5,
						0
					],
					[
						1877.08333333333,
						7,
						0
					],
					[
						2083.33333333333,
						6,
						0
					],
					[
						2295.83333333333,
						5,
						0
					],
					[
						2422.91666666667,
						5,
						0
					],
					[
						2583.33333333333,
						4,
						0
					],
					[
						1333.33333333333,
						0,
						250
					],
					[
						1333.33333333333,
						2,
						250
					],
					[
						1666.66666666667,
						1,
						250
					],
					[
						1666.66666666667,
						3,
						250
					],
					[
						2000,
						1,
						250
					],
					[
						2000,
						2,
						250
					],
					[
						2333.33333333333,
						0,
						250
					],
					[
						2333.33333333333,
						3,
						250
					]
				],
				"lengthInSteps": 16,
				"mustHitSection": false
			},
			{
				"sectionNotes": [
					[
						2785.41666666667,
						3,
						0
					],
					[
						2939.58333333333,
						3,
						0
					],
					[
						3166.66666666667,
						2,
						0
					],
					[
						3250,
						1,
						0
					],
					[
						3583.33333333333,
						2,
						0
					],
					[
						3833.33333333333,
						3,
						0
					],
					[
						3916.66666666667,
						1,
						0
					],
					[
						2666.66666666667,
						4,
						250
					],
					[
						2666.66666666667,
						7,
						250
					],
					[
						2666.66666666667,
						6,
						250
					],
					[
						3000,
						4,
						250
					],
					[
						3000,
						5,
						250
					],
					[
						3000,
						6,
						250
					],
					[
						3333.33333333333,
						7,
						250
					],
					[
						3333.33333333333,
						6,
						250
					],
					[
						3333.33333333333,
						5,
						250
					],
					[
						3666.66666666667,
						4,
						166.666666666667
					],
					[
						3666.66666666667,
						5,
						166.666666666667
					],
					[
						3666.66666666667,
						6,
						166.666666666667
					],
					[
						3666.66666666667,
						7,
						166.666666666667
					],
					[
						3916.66666666667,
						4,
						0
					],
					[
						3916.66666666667,
						5,
						0
					],
					[
						3916.66666666667,
						6,
						0
					],
					[
						3916.66666666667,
						7,
						0
					]
				],
				"lengthInSteps": 16,
				"mustHitSection": true
			},
			{
				"sectionNotes": [
					[
						4000,
						6,
						0
					],
					[
						4333.33333333333,
						4,
						0
					],
					[
						4333.33333333333,
						5,
						0
					],
					[
						4666.66666666667,
						6,
						0
					],
					[
						4666.66666666667,
						7,
						0
					],
					[
						5000,
						5,
						0
					],
					[
						5000,
						6,
						0
					],
					[
						4333.33333333333,
						0,
						0
					],
					[
						4333.33333333333,
						1,
						0
					],
					[
						4666.66666666667,
						2,
						0
					],
					[
						4666.66666666667,
						3,
						0
					],
					[
						5000,
						1,
						0
					],
					[
						5000,
						2,
						0
					]
				],
				"lengthInSteps": 16,
				"mustHitSection": false
			},
			{
				"sectionNotes": [
					[
						6000,
						5,
						0
					],
					[
						6083.33333333333,
						6,
						0
					],
					[
						6166.66666666667,
						7,
						0
					],
					[
						6250,
						6,
						0
					],
					[
						6333.33333333333,
						5,
						0
					],
					[
						6500,
						5,
						0
					],
					[
						5333.33333333333,
						1,
						541.666666666667
					],
					[
						6000,
						2,
						0
					],
					[
						6083.33333333333,
						3,
						0
					],
					[
						6166.66666666667,
						0,
						0
					],
					[
						6250,
						1,
						0
					],
					[
						6333.33333333333,
						2,
						0
					],
					[
						6500,
						2,
						583.333333333333
					]
				],
				"lengthInSteps": 16,
				"mustHitSection": false
			},
			{
				"sectionNotes": [
					[
						7333.33333333333,
						4,
						0
					],
					[
						7416.66666666667,
						5,
						0
					],
					[
						7500,
						6,
						0
					],
					[
						7583.33333333333,
						5,
						0
					],
					[
						7666.66666666667,
						4,
						0
					],
					[
						7833.33333333333,
						4,
						0
					],
					[
						7333.33333333333,
						3,
						0
					],
					[
						7416.66666666667,
						3,
						0
					],
					[
						7500,
						0,
						0
					],
					[
						7666.66666666667,
						1,
						0
					],
					[
						7833.33333333333,
						2,
						458.333333333333
					]
				],
				"lengthInSteps": 16,
				"mustHitSection": false
			},
			{
				"sectionNotes": [
					[
						8750,
						6,
						166.666666666667
					],
					[
						8500,
						1,
						250
					],
					[
						8833.33333333333,
						2,
						41.6666666666667
					],
					[
						9000,
						3,
						0
					],
					[
						9166.66666666667,
						2,
						0
					]
				],
				"lengthInSteps": 16,
				"mustHitSection": false
			},
			{
				"sectionNotes": [
					[
						9500,
						4,
						0
					],
					[
						9583.33333333333,
						5,
						0
					],
					[
						9666.66666666667,
						6,
						0
					],
					[
						9750,
						7,
						0
					],
					[
						9833.33333333333,
						6,
						0
					],
					[
						10083.3333333333,
						5,
						0
					],
					[
						10083.3333333333,
						6,
						0
					],
					[
						10250,
						6,
						0
					],
					[
						10333.3333333333,
						7,
						0
					],
					[
						10416.6666666667,
						5,
						0
					],
					[
						9333.33333333333,
						1,
						83.3333333333333
					],
					[
						9500,
						1,
						958.333333333333
					]
				],
				"lengthInSteps": 16,
				"mustHitSection": false
			},
			{
				"sectionNotes": [
					[
						11666.6666666667,
						4,
						0
					],
					[
						11750,
						5,
						0
					],
					[
						11833.3333333333,
						6,
						0
					],
					[
						11916.6666666667,
						7,
						0
					],
					[
						10666.6666666667,
						2,
						250
					],
					[
						10666.6666666667,
						3,
						250
					],
					[
						11000,
						0,
						250
					],
					[
						11000,
						1,
						250
					],
					[
						11333.3333333333,
						1,
						208.333333333333
					],
					[
						11333.3333333333,
						2,
						208.333333333333
					],
					[
						11666.6666666667,
						0,
						0
					],
					[
						11666.6666666667,
						3,
						0
					],
					[
						11833.3333333333,
						1,
						0
					],
					[
						11833.3333333333,
						2,
						0
					]
				],
				"lengthInSteps": 16,